
Use [QL_TT_TINHOC]
go

--table TAIKHOAN
CREATE TABLE [dbo].[TAIKHOAN](
	[USERNAME] [varchar](20) PRIMARY KEY,
	[PASSWORD] [varchar](20),
	[ROLE] [varchar](20)
	)

--table DANGKYKHOAHOC
CREATE TABLE [dbo].[DANGKYKHOAHOC](
	[MAKHOAHOC] [int], --fk
	[MAHOCVIEN] [int] --fk
	PRIMARY KEY ([MAKHOAHOC], [MAHOCVIEN])
	)
--table DIEMTHIKTHP
CREATE TABLE [dbo].[DIEMTHIKTHP](
	[MAHOCVIEN] [int], --fk
	[MALOP] [int], --fk
	[MANHOM] [int],
	[LANTHI] [int], 
	[DIEM] [float]
	PRIMARY KEY([MAHOCVIEN], [MALOP], [MANHOM], [LANTHI])
	)

--table DIEMTHITOTNGHIEP
CREATE TABLE [dbo].[DIEMTHITOTNGHIEP](
	[MAHOCVIEN] [int], --fk
	[MAKHOAHOC] [int], --fk
	[DIEM] [float],
	[MAGV] [int], --fk
	[MAPHIEU_TN] [int] --fk
	PRIMARY KEY([MAHOCVIEN], [MAKHOAHOC])
	)
--table GIANGVIEN
CREATE TABLE [dbo].[GIANGVIEN](
	[MAGV] [int] PRIMARY KEY,
	[TENGV] [nvarchar](30),
	[NGAYSINH] [date],
	[GIOITINH] [nvarchar](5),
	[SDT] [varchar](10),
	[EMAIL] [varchar](50),
	[LUONG] [int],
	[TRINHDOCHUYENMON] [nvarchar](20),
	[USERNAME] [varchar](20),
	[PASSWORD] [varchar](20)
	)
	
--table HOADON
CREATE TABLE [dbo].[HOADON](
	[MAHOADON] [int] PRIMARY KEY,
	[TENHOADON] [varchar](30),
	[NGAYLAP] [date],
	[TONGTIEN] [float],
	[MANVKTOAN] [int] --fk
	)
--table HOADONHOCPHI
CREATE TABLE [dbo].[HOADONHOCPHI](
	[MAHOADON] [int] PRIMARY KEY, --fk
	[MAKHOAHOC] [int], --fk DANGKYKHOAHOC
	[MAHOCVIEN] [int] --fk DANGKYKHOAHOC
	)
--table HOADONPHUCKHAO
CREATE TABLE [dbo].[HOADONPHUCKHAO](
	[MAHOADON] [int] PRIMARY KEY, --fk
	[MAPHIEUPHUCKHAO] [int] --fk
	)
--table HOADONTHITN
CREATE TABLE [dbo].[HOADONTHITOTNGHIEP](
	[MAHOADON] [int] PRIMARY KEY, --fk
	[MAPHIEUTHITN] [int] --fk	
	)
--table HOCVIEN
CREATE TABLE [dbo].[HOCVIEN](
	[MAHOCVIEN] [int] PRIMARY KEY,
	[TENHOCVIEN] [nvarchar](30),
	[GIOITINH] [varchar](5),
	[DIACHI] [varchar](10),
	[NGAYSINH] [date],
	[SDT] [varchar](15),
	[EMAIL] [varchar](30),
	[USERNAME] [varchar](20),
	[PASSWORD] [varchar](20)
	)
--table KHOAHOC
CREATE TABLE [dbo].[KHOAHOC](
	[MAKHOAHOC] [int] PRIMARY KEY,
	[TENKHOAHOC] [nvarchar](30),
	[HOCPHI] [int],
	[THOIGIANBATDAU] [date],
	[MOTA] [ntext],
	[MALOAI] [int], --fk
	[SOLUONGTOIDA][int]
	)

--table LICHTHI
CREATE TABLE [dbo].[LICHTHI](
	[MALICHTHI] [int] PRIMARY KEY,
	[PHONGTHI] [varchar](5),
	[NGAYTHI] [date],
	[GIOTHI] [datetimeoffset](7),
	[TENLICHTHI] [varchar](50),
	[MANVKTHI] [int] --fk
	)
--table LICHTHIKTHP
CREATE TABLE [dbo].[LICHTHIKTHP](
	[MALICHTHI_KTHP] [int] PRIMARY KEY, --fk
	[MALOP] [int] --fk
	)
--table LICHTHITN
CREATE TABLE [dbo].[LICHTHITN](
	[MALICHTHI_TN] [int] PRIMARY KEY, --fk
	[MAKHOAHOC] [int] --fk
	)
--table LOAIKHOAHOC
CREATE TABLE [dbo].[LOAIKHOAHOC](
	[MALOAI] [int] PRIMARY KEY,
	[TENLOAIKHOAHOC] [nvarchar](30)
	)
--table MONHOC
CREATE TABLE [dbo].[MONHOC](
	[MALOP] [int] PRIMARY KEY,
	[TENLOP] [varchar](100),
	[HOCPHI] [int],
	[NGAYBATDAU] [date],
	[GIOHOC] [varchar](50),
	[MAGV] [int], --fk
	[MANHOM] [int] --fk
	)

--table NHANVIEN
CREATE TABLE [dbo].[NHANVIEN](
	[MANV] [int] PRIMARY KEY,
	[TENNV] [nvarchar](30),
	[NGAYSINH] [date],
	[GIOITINH] [nvarchar](5),
	[SDT] [varchar](10),
	[DIACHI] [nvarchar](50),
	[EMAIL] [varchar](50),
	[LUONG] [int],
	[USERNAME] [varchar](5),
	[PASSWORD] [varchar](6)
	)
--table NHANVIENKHAOTHI
CREATE TABLE [dbo].[NHANVIENKHAOTHI](
	[MANVKTHI] [int] PRIMARY KEY --fk
	)
--table NHANVIENKETOAN
CREATE TABLE [dbo].[NHANVIENKETOAN](
	[MANVKTOAN] [int] PRIMARY KEY --fk
	)
--table NHOMHOCPHAN
CREATE TABLE [dbo].[NHOMHOCPHAN](
	[MANHOM] [int] PRIMARY KEY,
	[TENNHOM] [varchar](30),
	[MAKHOAHOC] [int]
	)
--table NHOMHOCPHAN_MONHOC
CREATE TABLE [dbo].[NHOMHOCPHAN_MONHOC](
	[MALOP] [int], --fk
	[MANHOM] [int], --fk
	PRIMARY KEY([MALOP], [MANHOM])
	)
--table PHIEUDKTHITN
CREATE TABLE [dbo].[PHIEUDKTHITN](
	[MAPHIEU] [int] PRIMARY KEY,
	[NGAYLAPPHIEU] [date] NULL,
	)
--table PHIEUPHUCKHAO
CREATE TABLE [dbo].[PHIEUPHUCKHAO](
	[MAPHIEUPHUCKHAO] [int] PRIMARY KEY,
	[TENPHIEUPHUCKHAO] [nvarchar](30),
	[LYDO] [ntext],
	[DIEMSAUPHUCKHAO] [float],
	)
--table PHIEUPHUCKHAO_TN
CREATE TABLE [dbo].[PHIEUPHUCKHAO_TN](
	[MAPHIEUPHUCKHAO_DIEMTN] [int] PRIMARY KEY, --fk
	[MAKHOAHOC] [int], --fk DIEMTN
	[MAHOCVIEN] [int] --fk DIEMTN
	)
--table PHIEUPHUCKHAO_DIEMKTHP
CREATE TABLE [dbo].[PHIEUPHUCKHAO_DIEMKTHP](
	[MAPHIEUPHUCKHAO_DIEMKTHP] [int] PRIMARY KEY, --fk
	[MAHOCVIEN] [int], --fk DIEMKTHP
	[MALOP] [int],--fk DIEMKTHP
	[MANHOM] [int],
	[LANTHI] [int] --fk DIEMKTHP
	)

--add foreign key
	--table PHIEUPHUCKHAO_DIEMKTHP
	ALTER TABLE [dbo].[PHIEUPHUCKHAO_DIEMKTHP] ADD CONSTRAINT fk_PhieuPKMonHoc_PhieuPhucKhao 
		FOREIGN KEY([MAPHIEUPHUCKHAO_DIEMKTHP]) REFERENCES [dbo].[PHIEUPHUCKHAO]([MAPHIEUPHUCKHAO])
	ALTER TABLE [dbo].[PHIEUPHUCKHAO_DIEMKTHP] ADD CONSTRAINT fk_PhieuPKMonHoc_DiemKTHP 
		FOREIGN KEY([MAHOCVIEN], [MALOP], [MANHOM], [LANTHI]) REFERENCES [dbo].[DIEMTHIKTHP]([MAHOCVIEN], [MALOP], [MANHOM], [LANTHI])
	--table PHIEUPHUCKHAO_DIEMTN
	ALTER TABLE [dbo].[PHIEUPHUCKHAO_TN] ADD CONSTRAINT fk_PhieuPKTotNghiep_PhieuPhucKhao 
		FOREIGN KEY([MAPHIEUPHUCKHAO_DIEMTN]) REFERENCES [dbo].[PHIEUPHUCKHAO]([MAPHIEUPHUCKHAO])
	ALTER TABLE [dbo].[PHIEUPHUCKHAO_TN] ADD CONSTRAINT fk_PhieuPKTotNghiep_DiemThiTN 
		FOREIGN KEY([MAHOCVIEN], [MAKHOAHOC]) REFERENCES [dbo].[DIEMTHITOTNGHIEP]([MAHOCVIEN], [MAKHOAHOC])
	--table NHOMHOCPHAN_MONHOC
	ALTER TABLE [dbo].[NHOMHOCPHAN_MONHOC] ADD CONSTRAINT fk_NhomHocPhanMonHoc_NhomHocPhan 
		FOREIGN KEY([MANHOM]) REFERENCES [dbo].[NHOMHOCPHAN]([MANHOM])
	ALTER TABLE [dbo].[NHOMHOCPHAN_MONHOC] ADD CONSTRAINT fk_NhomHocPhanMonHoc_MonHoc 
		FOREIGN KEY([MALOP]) REFERENCES [dbo].[MONHOC]([MALOP])
	-- table NHANVIENKETOAN
	ALTER TABLE [dbo].[NHANVIENKETOAN] ADD CONSTRAINT fk_NVKToan_NhanVien
		FOREIGN KEY([MANVKTOAN]) REFERENCES [dbo].[NHANVIEN]([MANV])
	--table NHANVIENKHAOTHI
	ALTER TABLE [dbo].[NHANVIENKHAOTHI] ADD CONSTRAINT fk_NVKThi_NhanVien
		FOREIGN KEY([MANVKTHI]) REFERENCES [dbo].[NHANVIEN]([MANV])
	--table MONHOC
	ALTER TABLE [dbo].[MONHOC] ADD CONSTRAINT fk_MonHoc_GiangVien
		FOREIGN KEY([MAGV]) REFERENCES [dbo].[GIANGVIEN]([MAGV])
	ALTER TABLE [dbo].[MONHOC] ADD CONSTRAINT fk_MonHoc_NhomHocPhan
		FOREIGN KEY([MANHOM]) REFERENCES [dbo].[NHOMHOCPHAN]([MANHOM])
	--table LICHTHITN
	ALTER TABLE [dbo].[LICHTHITN] ADD CONSTRAINT fk_LichThiTN_LichThi
		FOREIGN KEY([MALICHTHI_TN]) REFERENCES [dbo].[LICHTHI]([MALICHTHI])
	ALTER TABLE [dbo].[LICHTHITN] ADD CONSTRAINT fk_LichThiTN_KhoaHoc
		FOREIGN KEY([MAKHOAHOC]) REFERENCES [dbo].[KHOAHOC]([MAKHOAHOC])
	--table LICHTHIKTHP
	ALTER TABLE [dbo].[LICHTHIKTHP] ADD CONSTRAINT fk_LichThiKTHP_LichThi
		FOREIGN KEY([MALICHTHI_KTHP]) REFERENCES [dbo].[LICHTHI]([MALICHTHI])
	ALTER TABLE [dbo].[LICHTHIKTHP] ADD CONSTRAINT fk_LichThiKTHP_MonHoc
		FOREIGN KEY([MALOP]) REFERENCES [dbo].[MONHOC]([MALOP])
	--table LICHTHI
	ALTER TABLE [dbo].[LICHTHI] ADD CONSTRAINT fk_LichThi_NVKThi
		FOREIGN KEY([MANVKTHI]) REFERENCES [dbo].[NHANVIENKHAOTHI]([MANVKTHI])
	--table KHOAHOC
	ALTER TABLE [dbo].[KHOAHOC] ADD CONSTRAINT fk_KhoaHoc_LoaiKhoaHoc
		FOREIGN KEY([MALOAI]) REFERENCES [dbo].[LOAIKHOAHOC]([MALOAI])
	--table HOADONTHITOTNGHIEP
	ALTER TABLE [dbo].[HOADONTHITOTNGHIEP] ADD CONSTRAINT fk_HoaDonTN_HoaDon
		FOREIGN KEY([MAHOADON]) REFERENCES [dbo].[HOADON]([MAHOADON])
	ALTER TABLE [dbo].[HOADONTHITOTNGHIEP] ADD CONSTRAINT fk_HoaDonTN_PhieuDKThiTN
		FOREIGN KEY([MAPHIEUTHITN]) REFERENCES [dbo].[PHIEUDKTHITN]([MAPHIEU])
	--table HOADONPHUCKHAO
	ALTER TABLE [dbo].[HOADONPHUCKHAO] ADD CONSTRAINT fk_HoaDonPK_HoaDon
		FOREIGN KEY([MAHOADON]) REFERENCES [dbo].[HOADON]([MAHOADON])
	ALTER TABLE [dbo].[HOADONPHUCKHAO] ADD CONSTRAINT fk_HoaDonPK_PhieuPhucKhao
		FOREIGN KEY([MAPHIEUPHUCKHAO]) REFERENCES [dbo].[PHIEUPHUCKHAO]([MAPHIEUPHUCKHAO])
	--table HOADONHOCPHI
	ALTER TABLE [dbo].[HOADONHOCPHI] ADD CONSTRAINT fk_HoaDonHP_HoaDon
		FOREIGN KEY([MAHOADON]) REFERENCES [dbo].[HOADON]([MAHOADON])
	ALTER TABLE [dbo].[HOADONHOCPHI] ADD CONSTRAINT fk_HoaDonHP_DangKyKhoaHoc
		FOREIGN KEY([MAKHOAHOC], [MAHOCVIEN]) REFERENCES [dbo].[DANGKYKHOAHOC]([MAKHOAHOC], [MAHOCVIEN])
	--table HOADON
	ALTER TABLE [dbo].[HOADON] ADD CONSTRAINT fk_HoaDon_NVKToan
		FOREIGN KEY([MANVKTOAN]) REFERENCES [dbo].[NHANVIENKETOAN]([MANVKTOAN])
	--table DIEMTHITOTNGHIEP
	ALTER TABLE [dbo].[DIEMTHITOTNGHIEP] ADD CONSTRAINT fk_DiemThiTN_DangKyKhoaHoc
		FOREIGN KEY([MAKHOAHOC], [MAHOCVIEN]) REFERENCES [dbo].[DANGKYKHOAHOC]([MAKHOAHOC], [MAHOCVIEN])
	ALTER TABLE [dbo].[DIEMTHITOTNGHIEP] ADD CONSTRAINT fk_DiemThiTN_GiangVien
		FOREIGN KEY([MAGV]) REFERENCES [dbo].[GIANGVIEN]([MAGV])
	ALTER TABLE [dbo].[DIEMTHITOTNGHIEP] ADD CONSTRAINT fk_DiemThiTN_PhieuDKTotNghiep
		FOREIGN KEY([MAPHIEU_TN]) REFERENCES [dbo].[PHIEUDKTHITN]([MAPHIEU])
	--table DIEMTHIKTHP
	ALTER TABLE [dbo].[DIEMTHIKTHP] ADD CONSTRAINT fk_DiemThiKTHP_HocVien
		FOREIGN KEY([MAHOCVIEN]) REFERENCES [dbo].[HOCVIEN]([MAHOCVIEN])
	ALTER TABLE [dbo].[DIEMTHIKTHP] ADD CONSTRAINT fk_DiemThiKTHP_NhomHocPhanMonHoc
		FOREIGN KEY([MALOP], [MANHOM]) REFERENCES [dbo].[NHOMHOCPHAN_MONHOC]([MALOP], [MANHOM])
	--table DANGKYKHOAHOC
	ALTER TABLE [dbo].[DANGKYKHOAHOC] ADD CONSTRAINT fk_DangKyKhoaHoc_HocVien
		FOREIGN KEY([MAHOCVIEN]) REFERENCES [dbo].[HOCVIEN]([MAHOCVIEN])
	ALTER TABLE [dbo].[DANGKYKHOAHOC] ADD CONSTRAINT fk_DiemThiKTHP_KhoaHoc
		FOREIGN KEY([MAKHOAHOC]) REFERENCES [dbo].[KHOAHOC]([MAKHOAHOC])
	--table NHOMHOCPHAN
	ALTER TABLE [dbo].[NHOMHOCPHAN] ADD CONSTRAINT fk_NhomHocPhan_KhoaHoc
		FOREIGN KEY([MAKHOAHOC]) REFERENCES [dbo].[KHOAHOC]([MAKHOAHOC])

--insert data
	--table HOCVIEN
	INSERT INTO [dbo].[HOCVIEN]([MAHOCVIEN], [TENHOCVIEN], [GIOITINH], [DIACHI], [NGAYSINH], [SDT], [EMAIL], [USERNAME], [PASSWORD])
		VALUES(1, 'Hoang Thi Thuy Trang' , 'Nu' , 'Dong Nai' , '2000-07-17', '0347883373', 'htttrang@gmail.com', 'trang', '123')
	INSERT INTO [dbo].[HOCVIEN]([MAHOCVIEN], [TENHOCVIEN], [GIOITINH], [DIACHI], [NGAYSINH], [SDT], [EMAIL], [USERNAME], [PASSWORD])
		VALUES(2, 'Lo Thi My Nuong' , 'Nu' , 'Lam Dong ' , '2000-09-17', '0782451196', 'ltmnuong@gmail.com', 'nuong', '123')
	INSERT INTO [dbo].[HOCVIEN]([MAHOCVIEN], [TENHOCVIEN], [GIOITINH], [DIACHI], [NGAYSINH], [SDT], [EMAIL], [USERNAME], [PASSWORD])
		VALUES(3, 'Lang Van Nhan' , 'Nam' , 'An Giang' , '2000-04-11', '0957831563', 'lvnhan@gmail.com', 'nhan', '123')
	INSERT INTO [dbo].[HOCVIEN]([MAHOCVIEN], [TENHOCVIEN], [GIOITINH], [DIACHI], [NGAYSINH], [SDT], [EMAIL], [USERNAME], [PASSWORD])
		VALUES(4, 'Nguyen Thanh Phat' , 'Nam' , 'Tien Giang' , '2000-05-02', '0378832461', 'ntphat@gmail.com', 'phat', '123')
	INSERT INTO [dbo].[HOCVIEN]([MAHOCVIEN], [TENHOCVIEN], [GIOITINH], [DIACHI], [NGAYSINH], [SDT], [EMAIL], [USERNAME], [PASSWORD])
		VALUES(5, 'Duong Thanh Long' , 'Nam' , 'Binh Dinh' , '2000-02-17', '0963112370', 'dtlong@gmail.com', 'long', '123')

	--table TAIKHOAN
	INSERT INTO [DBO].TAIKHOAN([USERNAME], [PASSWORD], [ROLE]) VALUES ('trang','123','HocVien');
	INSERT INTO [DBO].TAIKHOAN([USERNAME], [PASSWORD], [ROLE]) VALUES ('nuong','123','HocVien');
	INSERT INTO [DBO].TAIKHOAN([USERNAME], [PASSWORD], [ROLE]) VALUES ('nhan','123','HocVien');
	INSERT INTO [DBO].TAIKHOAN([USERNAME], [PASSWORD], [ROLE]) VALUES ('phat','123','HocVien');
	INSERT INTO [DBO].TAIKHOAN([USERNAME], [PASSWORD], [ROLE]) VALUES ('long','123','HocVien');

	--table LOAIKHOAHOC
	INSERT INTO [dbo].[LOAIKHOAHOC]([MALOAI], [TENLOAIKHOAHOC]) VALUES (1, 'Ky thuat vien')
	INSERT INTO [dbo].[LOAIKHOAHOC]([MALOAI], [TENLOAIKHOAHOC]) VALUES (2, 'Chuyen de')
	INSERT INTO [dbo].[LOAIKHOAHOC]([MALOAI], [TENLOAIKHOAHOC]) VALUES (3, 'Chung chi')


	--table KHOAHOC
	INSERT INTO [dbo].[KHOAHOC]([MAKHOAHOC], [TENKHOAHOC], [HOCPHI], [THOIGIANBATDAU], [MOTA], [MALOAI], [SOLUONGTOIDA])
		VALUES(1, 'Lap trinh vien Python' , null, '2021-07-10', 'Khoa hoc cung cap cho hoc vien nhung kien thuc nen tang va ki nang can thiet de lap trinh python', 1, 30)
	INSERT INTO [dbo].[KHOAHOC]([MAKHOAHOC], [TENKHOAHOC], [HOCPHI], [THOIGIANBATDAU], [MOTA], [MALOAI], [SOLUONGTOIDA])
		VALUES(2, 'Lap trinh Front-end' , null, '2021-07-10', 'Cung cap cho hoc vien nhung kien thuc nen tang de lap trinh Front_end', 1, 30)
	INSERT INTO [dbo].[KHOAHOC]([MAKHOAHOC], [TENKHOAHOC], [HOCPHI], [THOIGIANBATDAU], [MOTA], [MALOAI], [SOLUONGTOIDA])
		VALUES(3, 'Lap trinh .NET co ban' , null, '2021-07-10', 'Khoa hoc cung cap cho hoc vien nhung kien thuc nen tang va ki nang can thiet', 1, 30)
	INSERT INTO [dbo].[KHOAHOC]([MAKHOAHOC], [TENKHOAHOC], [HOCPHI], [THOIGIANBATDAU], [MOTA], [MALOAI], [SOLUONGTOIDA])
		VALUES(4, 'Chuyen de .NET' , null, '2021-07-10', 'kien thuc nen tang và lap trinh huong doi tuong voi C#', 2, 30)
	INSERT INTO [dbo].[KHOAHOC]([MAKHOAHOC], [TENKHOAHOC], [HOCPHI], [THOIGIANBATDAU], [MOTA], [MALOAI], [SOLUONGTOIDA])
		VALUES(5, 'Chuyen de Oracle co ban' , null, '2021-07-10', 'kien thuc nen tang và lap trinh voi Oracle', 2, 30)
	INSERT INTO [dbo].[KHOAHOC]([MAKHOAHOC], [TENKHOAHOC], [HOCPHI], [THOIGIANBATDAU], [MOTA], [MALOAI], [SOLUONGTOIDA])
		VALUES(6, 'Tu duy may tinh' , null, '2021-07-10', 'Nam ro nguyen tac hoat dong cua may tinh va phan mem', 2, 30)
	INSERT INTO [dbo].[KHOAHOC]([MAKHOAHOC], [TENKHOAHOC], [HOCPHI], [THOIGIANBATDAU], [MOTA], [MALOAI], [SOLUONGTOIDA])
		VALUES(7, 'Chung Chi A Tin hoc' , null, '2021-07-10', 'kien thuc nen tang co ban cho tin hoc', 3, 30)
	INSERT INTO [dbo].[KHOAHOC]([MAKHOAHOC], [TENKHOAHOC], [HOCPHI], [THOIGIANBATDAU], [MOTA], [MALOAI], [SOLUONGTOIDA])
		VALUES(8, 'Chung chi B Tin hoc Nhanh 1' , null, '2021-07-10', 'Chung chi B', 3, 30)
	INSERT INTO [dbo].[KHOAHOC]([MAKHOAHOC], [TENKHOAHOC], [HOCPHI], [THOIGIANBATDAU], [MOTA], [MALOAI], [SOLUONGTOIDA])
		VALUES(9, 'Chung chi B Tin hoc Nhanh 2' , null, '2021-07-10', 'Chung chi B', 3, 30)

	--table DANGKYKHOAHOC
	INSERT INTO [dbo].[DANGKYKHOAHOC]([MAKHOAHOC], [MAHOCVIEN]) VALUES(1, 1)
	INSERT INTO [dbo].[DANGKYKHOAHOC]([MAKHOAHOC], [MAHOCVIEN]) VALUES(1, 2)
	INSERT INTO [dbo].[DANGKYKHOAHOC]([MAKHOAHOC], [MAHOCVIEN]) VALUES(4, 3)
	INSERT INTO [dbo].[DANGKYKHOAHOC]([MAKHOAHOC], [MAHOCVIEN]) VALUES(4, 5)
	INSERT INTO [dbo].[DANGKYKHOAHOC]([MAKHOAHOC], [MAHOCVIEN]) VALUES(4, 1)
	INSERT INTO [dbo].[DANGKYKHOAHOC]([MAKHOAHOC], [MAHOCVIEN]) VALUES(8, 4)
	INSERT INTO [dbo].[DANGKYKHOAHOC]([MAKHOAHOC], [MAHOCVIEN]) VALUES(8, 5)

	--table NHOMHOCPHAN
	INSERT INTO [dbo].[NHOMHOCPHAN]([MANHOM], [TENNHOM], [MAKHOAHOC]) VALUES(1, 'Nhom co ban', 1)
	INSERT INTO [dbo].[NHOMHOCPHAN]([MANHOM], [TENNHOM], [MAKHOAHOC]) VALUES(2, 'Nhom nang cao', 1)
	INSERT INTO [dbo].[NHOMHOCPHAN]([MANHOM], [TENNHOM], [MAKHOAHOC]) VALUES(3, 'Nhom thuc hanh', 2)
	INSERT INTO [dbo].[NHOMHOCPHAN]([MANHOM], [TENNHOM], [MAKHOAHOC]) VALUES(4, 'Nhom ly thuyet', 2)
	INSERT INTO [dbo].[NHOMHOCPHAN]([MANHOM], [TENNHOM], [MAKHOAHOC]) VALUES(5, 'basic C#', 3)
	INSERT INTO [dbo].[NHOMHOCPHAN]([MANHOM], [TENNHOM], [MAKHOAHOC]) VALUES(6, 'advance C#', 3)
	INSERT INTO [dbo].[NHOMHOCPHAN]([MANHOM], [TENNHOM], [MAKHOAHOC]) VALUES(7, 'Su dung C#', 4)
	INSERT INTO [dbo].[NHOMHOCPHAN]([MANHOM], [TENNHOM], [MAKHOAHOC]) VALUES(8, 'Chuyen de nang cao trong .NET', 4)
	INSERT INTO [dbo].[NHOMHOCPHAN]([MANHOM], [TENNHOM], [MAKHOAHOC]) VALUES(9, 'data type trong Oracle', 5)
	INSERT INTO [dbo].[NHOMHOCPHAN]([MANHOM], [TENNHOM], [MAKHOAHOC]) VALUES(10, 'Cach su dung Oracle', 5)
	INSERT INTO [dbo].[NHOMHOCPHAN]([MANHOM], [TENNHOM], [MAKHOAHOC]) VALUES(11, 'Kien truc may tinh', 6)
	INSERT INTO [dbo].[NHOMHOCPHAN]([MANHOM], [TENNHOM], [MAKHOAHOC]) VALUES(12, 'Chung chi A', 7)
	INSERT INTO [dbo].[NHOMHOCPHAN]([MANHOM], [TENNHOM], [MAKHOAHOC]) VALUES(13, 'Chung chi B nhanh 1', 8)
	INSERT INTO [dbo].[NHOMHOCPHAN]([MANHOM], [TENNHOM], [MAKHOAHOC]) VALUES(14, 'Chung chi B nhanh 2', 9)

	--table GIANGVIEN
	INSERT INTO [dbo].[GIANGVIEN]([MAGV], [TENGV], [NGAYSINH], [GIOITINH], [SDT], [EMAIL], [LUONG], [TRINHDOCHUYENMON], [USERNAME], [PASSWORD])
		VALUES(1, 'Hoang Chau My' , '1987-02-20', 'Nu' ,'0987452136', 'hcmy@gmail.com', 20000, 'Thac si' ,'my' ,'123')
	INSERT INTO [dbo].[GIANGVIEN]([MAGV], [TENGV], [NGAYSINH], [GIOITINH], [SDT], [EMAIL], [LUONG], [TRINHDOCHUYENMON], [USERNAME], [PASSWORD])
		VALUES(2, 'Truong Quoc Thuan' , '1980-08-12', 'Nam' ,'0987452136', 'tqthuan@gmail.com', 30000, 'Tien si' ,'thuan' ,'123')
	INSERT INTO [dbo].[GIANGVIEN]([MAGV], [TENGV], [NGAYSINH], [GIOITINH], [SDT], [EMAIL], [LUONG], [TRINHDOCHUYENMON], [USERNAME], [PASSWORD])
		VALUES(3, 'Le Nhat Tuan' , '1992-09-20', 'Nam' ,'0987452136', 'lntuan@gmail.com', 20000, 'Thac si' ,'tuan' ,'123')
	INSERT INTO [dbo].[GIANGVIEN]([MAGV], [TENGV], [NGAYSINH], [GIOITINH], [SDT], [EMAIL], [LUONG], [TRINHDOCHUYENMON], [USERNAME], [PASSWORD])
		VALUES(4, 'Tran Ngoc Hoan Mai' , '1980-12-12', 'Nu' ,'0987452136', 'tnhmai@gmail.com', 40000, 'Giao su' ,'mai' ,'123')
	INSERT INTO [dbo].[GIANGVIEN]([MAGV], [TENGV], [NGAYSINH], [GIOITINH], [SDT], [EMAIL], [LUONG], [TRINHDOCHUYENMON], [USERNAME], [PASSWORD])
		VALUES(5, 'Bui Que Phuong' , '1990-06-20', 'Nu' ,'0987452136', 'bqphuong@gmail.com', 20000, 'Thac si' ,'my' ,'123')

	--table MONHOC
	INSERT INTO [dbo].[MONHOC]([MALOP], [TENLOP], [HOCPHI], [NGAYBATDAU], [GIOHOC], [MAGV], [MANHOM])
		VALUES(1, 'Python va Django Framework co ban', 3000,'2021-07-10', 'Thu 2 - 9h30', 1, 1)
	INSERT INTO [dbo].[MONHOC]([MALOP], [TENLOP], [HOCPHI], [NGAYBATDAU], [GIOHOC], [MAGV], [MANHOM])
		VALUES(2, 'Ky thuat va cong nghe Django Framework', 3000,'2021-07-10', 'Thu 4 - 9h30', 1, 1)
	INSERT INTO [dbo].[MONHOC]([MALOP], [TENLOP], [HOCPHI], [NGAYBATDAU], [GIOHOC], [MAGV], [MANHOM])
		VALUES(3, 'Cac ky thuat bo sung', 3000,'2021-07-10', 'Thu 3 - 9h30', 2, 2)
	INSERT INTO [dbo].[MONHOC]([MALOP], [TENLOP], [HOCPHI], [NGAYBATDAU], [GIOHOC], [MAGV], [MANHOM])
		VALUES(4, 'Do An', 3000,'2021-07-10', 'Thu 6 - 9h30', 3, 2)
	INSERT INTO [dbo].[MONHOC]([MALOP], [TENLOP], [HOCPHI], [NGAYBATDAU], [GIOHOC], [MAGV], [MANHOM])
		VALUES(5, 'Tong quan lap trinh', 3000,'2021-07-10', 'Thu 4 - 9h30', 4, 3)
	INSERT INTO [dbo].[MONHOC]([MALOP], [TENLOP], [HOCPHI], [NGAYBATDAU], [GIOHOC], [MAGV], [MANHOM])
		VALUES(6, 'Co ban lap trinh Frontend', 3000,'2021-07-10', 'Thu 4 - 9h30', 4, 3)
	INSERT INTO [dbo].[MONHOC]([MALOP], [TENLOP], [HOCPHI], [NGAYBATDAU], [GIOHOC], [MAGV], [MANHOM])
		VALUES(7, 'Ky thuat va cong nghe Django Framework', 3000,'2021-07-10', 'Thu 4 - 9h30', 5, 4)
	INSERT INTO [dbo].[MONHOC]([MALOP], [TENLOP], [HOCPHI], [NGAYBATDAU], [GIOHOC], [MAGV], [MANHOM])
		VALUES(8, 'Nen tang va lap trinh huong doi tuong voi C#', 3000,'2021-07-10', 'Thu 4 - 9h30', 1, 5)
	INSERT INTO [dbo].[MONHOC]([MALOP], [TENLOP], [HOCPHI], [NGAYBATDAU], [GIOHOC], [MAGV], [MANHOM])
		VALUES(9, 'Entity Framework Core', 3000,'2021-07-10', 'Thu 4 - 9h30', 3, 5)
	INSERT INTO [dbo].[MONHOC]([MALOP], [TENLOP], [HOCPHI], [NGAYBATDAU], [GIOHOC], [MAGV], [MANHOM])
		VALUES(10, 'Xay dung ung dung web ASP .NET Core MVC', 3000,'2021-07-10', 'Thu 4 - 9h30', 2, 6)
	INSERT INTO [dbo].[MONHOC]([MALOP], [TENLOP], [HOCPHI], [NGAYBATDAU], [GIOHOC], [MAGV], [MANHOM])
		VALUES(11, 'Cac ky thuat nang cao trong ASP.NET Core', 3000,'2021-07-10', 'Thu 4 - 9h30', 1, 6)
	INSERT INTO [dbo].[MONHOC]([MALOP], [TENLOP], [HOCPHI], [NGAYBATDAU], [GIOHOC], [MAGV], [MANHOM])
		VALUES(12, 'Su dung C#', 3000,'2021-07-10', 'Thu 4 - 9h30', 5, 7)
	INSERT INTO [dbo].[MONHOC]([MALOP], [TENLOP], [HOCPHI], [NGAYBATDAU], [GIOHOC], [MAGV], [MANHOM])
		VALUES(13, 'Cac Van de nang cao .NET', 3000,'2021-07-10', 'Thu 4 - 9h30', 1, 8)
	INSERT INTO [dbo].[MONHOC]([MALOP], [TENLOP], [HOCPHI], [NGAYBATDAU], [GIOHOC], [MAGV], [MANHOM])
		VALUES(14, 'Oracle 12', 3000,'2021-07-10', 'Thu 4 - 9h30', 1, 9)
	INSERT INTO [dbo].[MONHOC]([MALOP], [TENLOP], [HOCPHI], [NGAYBATDAU], [GIOHOC], [MAGV], [MANHOM])
		VALUES(15, 'Oracle 12C - OCA', 3000,'2021-07-10', 'Thu 4 - 9h30', 5, 8)
	INSERT INTO [dbo].[MONHOC]([MALOP], [TENLOP], [HOCPHI], [NGAYBATDAU], [GIOHOC], [MAGV], [MANHOM])
		VALUES(16, 'Cac kieu du lieu co ban', 3000,'2021-07-10', 'Thu 4 - 9h30', 2, 9)
	INSERT INTO [dbo].[MONHOC]([MALOP], [TENLOP], [HOCPHI], [NGAYBATDAU], [GIOHOC], [MAGV], [MANHOM])
		VALUES(17, 'Cac kieu du lieu nang cao', 3000,'2021-07-10', 'Thu 4 - 9h30', 2, 9)
	INSERT INTO [dbo].[MONHOC]([MALOP], [TENLOP], [HOCPHI], [NGAYBATDAU], [GIOHOC], [MAGV], [MANHOM])
		VALUES(18, 'Su dung co ban Oracle', 3000,'2021-07-10', 'Thu 4 - 9h30', 3, 10)
	INSERT INTO [dbo].[MONHOC]([MALOP], [TENLOP], [HOCPHI], [NGAYBATDAU], [GIOHOC], [MAGV], [MANHOM])
		VALUES(19, 'Oracle nang cao', 3000,'2021-07-10', 'Thu 4 - 9h30', 3, 10)
	INSERT INTO [dbo].[MONHOC]([MALOP], [TENLOP], [HOCPHI], [NGAYBATDAU], [GIOHOC], [MAGV], [MANHOM])
		VALUES(20, 'Kien truc may tinh', 3000,'2021-07-10', 'Thu 4 - 9h30', 4, 11)
	INSERT INTO [dbo].[MONHOC]([MALOP], [TENLOP], [HOCPHI], [NGAYBATDAU], [GIOHOC], [MAGV], [MANHOM])
		VALUES(21, 'Hieu biet ve CNTT co ban', 3000,'2021-07-10', 'Thu 4 - 9h30', 1, 12)
	INSERT INTO [dbo].[MONHOC]([MALOP], [TENLOP], [HOCPHI], [NGAYBATDAU], [GIOHOC], [MAGV], [MANHOM])
		VALUES(22, 'Hieu biet ve CNT nang cao', 3000,'2021-07-10', 'Thu 4 - 9h30', 1, 12)
	INSERT INTO [dbo].[MONHOC]([MALOP], [TENLOP], [HOCPHI], [NGAYBATDAU], [GIOHOC], [MAGV], [MANHOM])
		VALUES(23, 'Ung dung CNTT', 3000,'2021-07-10', 'Thu 4 - 9h30', 1, 12)
	INSERT INTO [dbo].[MONHOC]([MALOP], [TENLOP], [HOCPHI], [NGAYBATDAU], [GIOHOC], [MAGV], [MANHOM])
		VALUES(24, 'Su dung may tinh co ban', 3000,'2021-07-10', 'Thu 4 - 9h30', 2, 13)
	INSERT INTO [dbo].[MONHOC]([MALOP], [TENLOP], [HOCPHI], [NGAYBATDAU], [GIOHOC], [MAGV], [MANHOM])
		VALUES(25, 'Xu ly van ban', 3000,'2021-07-10', 'Thu 4 - 9h30', 2, 13)
	INSERT INTO [dbo].[MONHOC]([MALOP], [TENLOP], [HOCPHI], [NGAYBATDAU], [GIOHOC], [MAGV], [MANHOM])
		VALUES(26, 'Su dung bang tinh', 3000,'2021-07-10', 'Thu 4 - 9h30', 5, 14)
	INSERT INTO [dbo].[MONHOC]([MALOP], [TENLOP], [HOCPHI], [NGAYBATDAU], [GIOHOC], [MAGV], [MANHOM])
		VALUES(27, 'Su dung trinh chieu', 3000,'2021-07-10', 'Thu 4 - 9h30', 5, 14)
	

	INSERT INTO [dbo].[NHOMHOCPHAN_MONHOC]([MALOP], [MANHOM]) VALUES(1,1)
	INSERT INTO [dbo].[NHOMHOCPHAN_MONHOC]([MALOP], [MANHOM]) VALUES(2,1)
	INSERT INTO [dbo].[NHOMHOCPHAN_MONHOC]([MALOP], [MANHOM]) VALUES(3,2)
	INSERT INTO [dbo].[NHOMHOCPHAN_MONHOC]([MALOP], [MANHOM]) VALUES(4,2)
	INSERT INTO [dbo].[NHOMHOCPHAN_MONHOC]([MALOP], [MANHOM]) VALUES(5,3)
	INSERT INTO [dbo].[NHOMHOCPHAN_MONHOC]([MALOP], [MANHOM]) VALUES(6,3)
	INSERT INTO [dbo].[NHOMHOCPHAN_MONHOC]([MALOP], [MANHOM]) VALUES(7,4)
	INSERT INTO [dbo].[NHOMHOCPHAN_MONHOC]([MALOP], [MANHOM]) VALUES(8,5)
	INSERT INTO [dbo].[NHOMHOCPHAN_MONHOC]([MALOP], [MANHOM]) VALUES(9,5)
	INSERT INTO [dbo].[NHOMHOCPHAN_MONHOC]([MALOP], [MANHOM]) VALUES(10,6)
	INSERT INTO [dbo].[NHOMHOCPHAN_MONHOC]([MALOP], [MANHOM]) VALUES(11,6)
	INSERT INTO [dbo].[NHOMHOCPHAN_MONHOC]([MALOP], [MANHOM]) VALUES(12,7)
	INSERT INTO [dbo].[NHOMHOCPHAN_MONHOC]([MALOP], [MANHOM]) VALUES(13,8)
	INSERT INTO [dbo].[NHOMHOCPHAN_MONHOC]([MALOP], [MANHOM]) VALUES(14,8)
	INSERT INTO [dbo].[NHOMHOCPHAN_MONHOC]([MALOP], [MANHOM]) VALUES(15,9)
	INSERT INTO [dbo].[NHOMHOCPHAN_MONHOC]([MALOP], [MANHOM]) VALUES(16,9)
	INSERT INTO [dbo].[NHOMHOCPHAN_MONHOC]([MALOP], [MANHOM]) VALUES(17,9)
	INSERT INTO [dbo].[NHOMHOCPHAN_MONHOC]([MALOP], [MANHOM]) VALUES(18,10)
	INSERT INTO [dbo].[NHOMHOCPHAN_MONHOC]([MALOP], [MANHOM]) VALUES(19,10)
	INSERT INTO [dbo].[NHOMHOCPHAN_MONHOC]([MALOP], [MANHOM]) VALUES(20,11)
	INSERT INTO [dbo].[NHOMHOCPHAN_MONHOC]([MALOP], [MANHOM]) VALUES(21,12)
	INSERT INTO [dbo].[NHOMHOCPHAN_MONHOC]([MALOP], [MANHOM]) VALUES(22,12)
	INSERT INTO [dbo].[NHOMHOCPHAN_MONHOC]([MALOP], [MANHOM]) VALUES(23,12)
	INSERT INTO [dbo].[NHOMHOCPHAN_MONHOC]([MALOP], [MANHOM]) VALUES(24,13)
	INSERT INTO [dbo].[NHOMHOCPHAN_MONHOC]([MALOP], [MANHOM]) VALUES(25,13)
	INSERT INTO [dbo].[NHOMHOCPHAN_MONHOC]([MALOP], [MANHOM]) VALUES(26,14)
	INSERT INTO [dbo].[NHOMHOCPHAN_MONHOC]([MALOP], [MANHOM]) VALUES(27,14)
	--table NHANVIEN
	INSERT INTO [dbo].[NHANVIEN] ([MANV], [TENNV], [NGAYSINH], [GIOITINH],[SDT], [DIACHI] ,[EMAIL], [LUONG], [USERNAME], [PASSWORD])
		VALUES(1, 'Nguyen Thi Thanh Ngan', '1987-09-12', 'Nu', '0974446713', 'TPHCM', 'nttngan@gmail.com', 4000, 'NTTN', '123')
	INSERT INTO [dbo].[NHANVIEN] ([MANV], [TENNV], [NGAYSINH], [GIOITINH],[SDT], [DIACHI] ,[EMAIL], [LUONG], [USERNAME], [PASSWORD])
		VALUES(2, 'Nguyen Tranh Hung', '1987-09-12', 'Nam', '0974446713', 'TPHCM', 'nthung@gmail.com', 4000, 'NTH', '123')
	INSERT INTO [dbo].[NHANVIEN] ([MANV], [TENNV], [NGAYSINH], [GIOITINH],[SDT], [DIACHI] ,[EMAIL], [LUONG], [USERNAME], [PASSWORD])
		VALUES(3, 'Hoang Thi My Uyen', '1987-09-12', 'Nu', '0974446713', 'TPHCM', 'htmuyen@gmail.com', 4000, 'HTMU', '123')
	INSERT INTO [dbo].[NHANVIEN] ([MANV], [TENNV], [NGAYSINH], [GIOITINH],[SDT], [DIACHI] ,[EMAIL], [LUONG], [USERNAME], [PASSWORD])
		VALUES(4, 'Hong Do Phuoc Bao', '1987-09-12', 'Nam', '0974446713', 'TPHCM', 'hdpbao@gmail.com', 4000, 'HDPB', '123')
	INSERT INTO [dbo].[NHANVIEN] ([MANV], [TENNV], [NGAYSINH], [GIOITINH],[SDT], [DIACHI] ,[EMAIL], [LUONG], [USERNAME], [PASSWORD])
		VALUES(5, 'Tran Thanh Tam', '1987-09-12', 'Nu', '0974446713', 'TPHCM', 'tttam@gmail.com', 4000, 'TTT', '123')
	INSERT INTO [dbo].[NHANVIEN] ([MANV], [TENNV], [NGAYSINH], [GIOITINH],[SDT], [DIACHI] ,[EMAIL], [LUONG], [USERNAME], [PASSWORD])
		VALUES(6, 'Vo Hong Anh', '1987-09-12', 'Nu', '0974446713', 'TPHCM', 'vhanh@gmail.com', 4000, 'VHA', '123')

	--table NHANVIENKHAOTHI
	INSERT INTO [dbo].[NHANVIENKHAOTHI]([MANVKTHI]) VALUES(1)
	INSERT INTO [dbo].[NHANVIENKHAOTHI]([MANVKTHI]) VALUES(2)
	INSERT INTO [dbo].[NHANVIENKHAOTHI]([MANVKTHI]) VALUES(3)

	--table NHANVIENKETOAN
	INSERT INTO [dbo].[NHANVIENKETOAN]([MANVKTOAN]) VALUES(4)
	INSERT INTO [dbo].[NHANVIENKETOAN]([MANVKTOAN]) VALUES(5)
	INSERT INTO [dbo].[NHANVIENKETOAN]([MANVKTOAN]) VALUES(6)

	--table LICHTHI
	INSERT INTO [dbo].[LICHTHI]([MALICHTHI], [PHONGTHI], [NGAYTHI], [GIOTHI], [TENLICHTHI], [MANVKTHI])
		VALUES(1, 'G102', '2021-08-20', '09:00:00', 'Lich Thi TN', 1)
	INSERT INTO [dbo].[LICHTHI]([MALICHTHI], [PHONGTHI], [NGAYTHI], [GIOTHI], [TENLICHTHI], [MANVKTHI])
		VALUES(2, 'G101', '2021-08-20', '09:00:00', 'Lich Thi TN', 1)
	INSERT INTO [dbo].[LICHTHI]([MALICHTHI], [PHONGTHI], [NGAYTHI], [GIOTHI], [TENLICHTHI], [MANVKTHI])
		VALUES(3, 'G103', '2021-08-20', '09:00:00', 'Lich Thi TN', 2)
	INSERT INTO [dbo].[LICHTHI]([MALICHTHI], [PHONGTHI], [NGAYTHI], [GIOTHI], [TENLICHTHI], [MANVKTHI])
		VALUES(4, 'E102', '2021-08-20', '09:00:00', 'Lich Thi KTHP', 3)
	INSERT INTO [dbo].[LICHTHI]([MALICHTHI], [PHONGTHI], [NGAYTHI], [GIOTHI], [TENLICHTHI], [MANVKTHI])
		VALUES(5, 'E101', '2021-08-20', '09:00:00', 'Lich Thi KTHP', 3)
	INSERT INTO [dbo].[LICHTHI]([MALICHTHI], [PHONGTHI], [NGAYTHI], [GIOTHI], [TENLICHTHI], [MANVKTHI])
		VALUES(6, 'G102', '2021-08-20', '09:00:00', 'Lich Thi KTHP', 1)
	INSERT INTO [dbo].[LICHTHI]([MALICHTHI], [PHONGTHI], [NGAYTHI], [GIOTHI], [TENLICHTHI], [MANVKTHI])
		VALUES(7, 'G102', '2021-08-20', '09:00:00', 'Lich Thi KTHP', 1)
	INSERT INTO [dbo].[LICHTHI]([MALICHTHI], [PHONGTHI], [NGAYTHI], [GIOTHI], [TENLICHTHI], [MANVKTHI])
		VALUES(8, 'G102', '2021-08-20', '09:00:00', 'Lich Thi KTHP', 2)
	INSERT INTO [dbo].[LICHTHI]([MALICHTHI], [PHONGTHI], [NGAYTHI], [GIOTHI], [TENLICHTHI], [MANVKTHI])
		VALUES(9, 'G102', '2021-08-20', '09:00:00', 'Lich Thi KTHP', 3)
	INSERT INTO [dbo].[LICHTHI]([MALICHTHI], [PHONGTHI], [NGAYTHI], [GIOTHI], [TENLICHTHI], [MANVKTHI])
		VALUES(10, 'G102', '2021-08-20', '09:00:00', 'Lich Thi KTHP', 2)
	INSERT INTO [dbo].[LICHTHI]([MALICHTHI], [PHONGTHI], [NGAYTHI], [GIOTHI], [TENLICHTHI], [MANVKTHI])
		VALUES(11, 'G102', '2021-08-20', '09:00:00', 'Lich Thi KTHP', 2)
	INSERT INTO [dbo].[LICHTHI]([MALICHTHI], [PHONGTHI], [NGAYTHI], [GIOTHI], [TENLICHTHI], [MANVKTHI])
		VALUES(12, 'G102', '2021-08-20', '09:00:00', 'Lich Thi KTHP', 2)
	INSERT INTO [dbo].[LICHTHI]([MALICHTHI], [PHONGTHI], [NGAYTHI], [GIOTHI], [TENLICHTHI], [MANVKTHI])
		VALUES(13, 'G102', '2021-08-20', '09:00:00', 'Lich Thi KTHP', 1)
	INSERT INTO [dbo].[LICHTHI]([MALICHTHI], [PHONGTHI], [NGAYTHI], [GIOTHI], [TENLICHTHI], [MANVKTHI])
		VALUES(14, 'G102', '2021-08-20', '09:00:00', 'Lich Thi KTHP', 1)
	INSERT INTO [dbo].[LICHTHI]([MALICHTHI], [PHONGTHI], [NGAYTHI], [GIOTHI], [TENLICHTHI], [MANVKTHI])
		VALUES(15, 'G102', '2021-08-20', '09:00:00', 'Lich Thi KTHP', 3)
	INSERT INTO [dbo].[LICHTHI]([MALICHTHI], [PHONGTHI], [NGAYTHI], [GIOTHI], [TENLICHTHI], [MANVKTHI])
		VALUES(16, 'G102', '2021-08-20', '09:00:00', 'Lich Thi KTHP', 3)

	--table LICHTHITN
	INSERT INTO [dbo].[LICHTHITN]([MALICHTHI_TN], [MAKHOAHOC]) VALUES(1, 1)
	INSERT INTO [dbo].[LICHTHITN]([MALICHTHI_TN], [MAKHOAHOC]) VALUES(2, 2)
	INSERT INTO [dbo].[LICHTHITN]([MALICHTHI_TN], [MAKHOAHOC]) VALUES(3, 3)

	--table LICHTHIKTHP
	INSERT INTO [dbo].[LICHTHIKTHP]([MALICHTHI_KTHP], [MALOP]) VALUES(4, 1)
	INSERT INTO [dbo].[LICHTHIKTHP]([MALICHTHI_KTHP], [MALOP]) VALUES(5, 2)
	INSERT INTO [dbo].[LICHTHIKTHP]([MALICHTHI_KTHP], [MALOP]) VALUES(6, 3)
	INSERT INTO [dbo].[LICHTHIKTHP]([MALICHTHI_KTHP], [MALOP]) VALUES(7, 4)
	INSERT INTO [dbo].[LICHTHIKTHP]([MALICHTHI_KTHP], [MALOP]) VALUES(8, 5)
	INSERT INTO [dbo].[LICHTHIKTHP]([MALICHTHI_KTHP], [MALOP]) VALUES(9, 6)
	INSERT INTO [dbo].[LICHTHIKTHP]([MALICHTHI_KTHP], [MALOP]) VALUES(10, 7)
	INSERT INTO [dbo].[LICHTHIKTHP]([MALICHTHI_KTHP], [MALOP]) VALUES(11, 8)
	INSERT INTO [dbo].[LICHTHIKTHP]([MALICHTHI_KTHP], [MALOP]) VALUES(12, 9)
	INSERT INTO [dbo].[LICHTHIKTHP]([MALICHTHI_KTHP], [MALOP]) VALUES(13, 9)
	INSERT INTO [dbo].[LICHTHIKTHP]([MALICHTHI_KTHP], [MALOP]) VALUES(14, 10)
	INSERT INTO [dbo].[LICHTHIKTHP]([MALICHTHI_KTHP], [MALOP]) VALUES(15, 11)
	INSERT INTO [dbo].[LICHTHIKTHP]([MALICHTHI_KTHP], [MALOP]) VALUES(16, 12)

	--table PHIEUDKTOTNGHIEP
	INSERT INTO [dbo].[PHIEUDKTHITN]([MAPHIEU], [NGAYLAPPHIEU]) VALUES(1, '2021-08-07')
	INSERT INTO [dbo].[PHIEUDKTHITN]([MAPHIEU], [NGAYLAPPHIEU]) VALUES(2, '2021-08-07')

		--table DIEMTHITN
	INSERT INTO [dbo].[DIEMTHITOTNGHIEP]([MAHOCVIEN], [MAKHOAHOC], [DIEM], [MAGV], [MAPHIEU_TN])
		VALUES(1, 1, 9, 2, 1)
	INSERT INTO [dbo].[DIEMTHITOTNGHIEP]([MAHOCVIEN], [MAKHOAHOC], [DIEM], [MAGV], [MAPHIEU_TN])
		VALUES(2, 1, 4, 5, 2)
	INSERT INTO [dbo].[DIEMTHITOTNGHIEP]([MAHOCVIEN], [MAKHOAHOC], [DIEM], [MAGV], [MAPHIEU_TN])
		VALUES(3, 4, 8, 3, 3)

	--table DIEMTHIKTHP
	INSERT INTO [dbo].[DIEMTHIKTHP]([MAHOCVIEN], [MALOP], [MANHOM], [LANTHI], [DIEM]) VALUES(1, 1, 1, 1, 10)
	INSERT INTO [dbo].[DIEMTHIKTHP]([MAHOCVIEN], [MALOP], [MANHOM], [LANTHI], [DIEM]) VALUES(1, 2, 1, 1, 8)
	INSERT INTO [dbo].[DIEMTHIKTHP]([MAHOCVIEN], [MALOP], [MANHOM],[LANTHI], [DIEM]) VALUES(1, 3, 2, 1, 6)
	INSERT INTO [dbo].[DIEMTHIKTHP]([MAHOCVIEN], [MALOP], [MANHOM],[LANTHI], [DIEM]) VALUES(1, 4, 2, 1, 4)
	INSERT INTO [dbo].[DIEMTHIKTHP]([MAHOCVIEN], [MALOP], [MANHOM],[LANTHI], [DIEM]) VALUES(2, 1, 1, 1, 7)
	INSERT INTO [dbo].[DIEMTHIKTHP]([MAHOCVIEN], [MALOP], [MANHOM],[LANTHI], [DIEM]) VALUES(2, 2, 1, 1, 3)
	INSERT INTO [dbo].[DIEMTHIKTHP]([MAHOCVIEN], [MALOP], [MANHOM],[LANTHI], [DIEM]) VALUES(2, 3, 2, 1, 8)
	INSERT INTO [dbo].[DIEMTHIKTHP]([MAHOCVIEN], [MALOP], [MANHOM],[LANTHI], [DIEM]) VALUES(2, 4, 2, 1, 7)
	INSERT INTO [dbo].[DIEMTHIKTHP]([MAHOCVIEN], [MALOP], [MANHOM],[LANTHI], [DIEM]) VALUES(3, 6, 3, 1, 9)
	INSERT INTO [dbo].[DIEMTHIKTHP]([MAHOCVIEN], [MALOP], [MANHOM],[LANTHI], [DIEM]) VALUES(3, 7, 4, 1, 3)
	INSERT INTO [dbo].[DIEMTHIKTHP]([MAHOCVIEN], [MALOP], [MANHOM],[LANTHI], [DIEM]) VALUES(3, 7, 4, 2, 7)
	INSERT INTO [dbo].[DIEMTHIKTHP]([MAHOCVIEN], [MALOP], [MANHOM],[LANTHI], [DIEM]) VALUES(4, 8, 5, 1, 8)
	INSERT INTO [dbo].[DIEMTHIKTHP]([MAHOCVIEN], [MALOP], [MANHOM],[LANTHI], [DIEM]) VALUES(5, 9, 5, 1, 9)

	--SELECT* FROM NHOMHOCPHAN_MONHOC
	--table PHIEUPHUCKHAO
	INSERT INTO  [dbo].[PHIEUPHUCKHAO]([MAPHIEUPHUCKHAO], [TENPHIEUPHUCKHAO], [LYDO], [DIEMSAUPHUCKHAO]) 
		VALUES(1, 'phuc khao diem kthp', 'diem thap hon so voi du kien', 8)
	INSERT INTO  [dbo].[PHIEUPHUCKHAO]([MAPHIEUPHUCKHAO], [TENPHIEUPHUCKHAO], [LYDO], [DIEMSAUPHUCKHAO]) 
		VALUES(2, 'phuc khao diem kthp', 'diem thap hon so voi du kien', 10)
	INSERT INTO  [dbo].[PHIEUPHUCKHAO]([MAPHIEUPHUCKHAO], [TENPHIEUPHUCKHAO], [LYDO], [DIEMSAUPHUCKHAO]) 
		VALUES(3, 'phuc khao diem tot nghiep', 'diem thap hon so voi du kien', 9)
	INSERT INTO  [dbo].[PHIEUPHUCKHAO]([MAPHIEUPHUCKHAO], [TENPHIEUPHUCKHAO], [LYDO], [DIEMSAUPHUCKHAO]) 
		VALUES(4, 'phuc khao diem tot nghiep', 'diem thap hon so voi du kien', 9)
	INSERT INTO  [dbo].[PHIEUPHUCKHAO]([MAPHIEUPHUCKHAO], [TENPHIEUPHUCKHAO], [LYDO], [DIEMSAUPHUCKHAO]) 
		VALUES(5, 'phuc khao diem kthp', 'diem thap hon so voi du kien', 3)
	INSERT INTO  [dbo].[PHIEUPHUCKHAO]([MAPHIEUPHUCKHAO], [TENPHIEUPHUCKHAO], [LYDO], [DIEMSAUPHUCKHAO]) 
		VALUES(6, 'phuc khao diem kthp', 'diem thap hon so voi du kien', 8)
	INSERT INTO  [dbo].[PHIEUPHUCKHAO]([MAPHIEUPHUCKHAO], [TENPHIEUPHUCKHAO], [LYDO], [DIEMSAUPHUCKHAO]) 
		VALUES(7, 'phuc khao diem tot nghiep', 'diem thap hon so voi du kien', 8)

	--table PHIEUPHUCKHAO_DIEMTN
	INSERT INTO [dbo].[PHIEUPHUCKHAO_TN]([MAPHIEUPHUCKHAO_DIEMTN], [MAKHOAHOC], [MAHOCVIEN]) VALUES(3, 1, 2)
	INSERT INTO [dbo].[PHIEUPHUCKHAO_TN]([MAPHIEUPHUCKHAO_DIEMTN], [MAKHOAHOC], [MAHOCVIEN]) VALUES(4, 1, 1)
	INSERT INTO [dbo].[PHIEUPHUCKHAO_TN]([MAPHIEUPHUCKHAO_DIEMTN], [MAKHOAHOC], [MAHOCVIEN]) VALUES(7, 4, 3)

	--table PHIEUPHUCKHAO_MONHOC
	INSERT INTO [dbo].[PHIEUPHUCKHAO_DIEMKTHP]([MAPHIEUPHUCKHAO_DIEMKTHP], [MAHOCVIEN], [MALOP], [MANHOM], [LANTHI]) VALUES(1, 1, 3, 2, 1)
	INSERT INTO [dbo].[PHIEUPHUCKHAO_DIEMKTHP]([MAPHIEUPHUCKHAO_DIEMKTHP], [MAHOCVIEN], [MALOP], [MANHOM], [LANTHI]) VALUES(2, 1, 4, 2, 1)
	INSERT INTO [dbo].[PHIEUPHUCKHAO_DIEMKTHP]([MAPHIEUPHUCKHAO_DIEMKTHP], [MAHOCVIEN], [MALOP], [MANHOM], [LANTHI]) VALUES(5, 2, 2, 1, 1)
	INSERT INTO [dbo].[PHIEUPHUCKHAO_DIEMKTHP]([MAPHIEUPHUCKHAO_DIEMKTHP], [MAHOCVIEN], [MALOP], [MANHOM], [LANTHI]) VALUES(6, 4, 8, 5, 1)

	--table HOADON
	INSERT INTO [dbo].[HOADON]([MAHOADON], [TENHOADON], [NGAYLAP], [TONGTIEN], [MANVKTOAN])
		VALUES(1, 'Hoa don hoc phi', '09-07-2021', null, 4)
	INSERT INTO [dbo].[HOADON]([MAHOADON], [TENHOADON], [NGAYLAP], [TONGTIEN], [MANVKTOAN])
		VALUES(2, 'Hoa don hoc phi', '2021-07-09', null, 4)
	INSERT INTO [dbo].[HOADON]([MAHOADON], [TENHOADON], [NGAYLAP], [TONGTIEN], [MANVKTOAN])
		VALUES(3, 'Hoa don hoc phi', '2021-07-09', null, 4)
	INSERT INTO [dbo].[HOADON]([MAHOADON], [TENHOADON], [NGAYLAP], [TONGTIEN], [MANVKTOAN])
		VALUES(4, 'Hoa don hoc phi', '2021-07-09', null, 4)
	INSERT INTO [dbo].[HOADON]([MAHOADON], [TENHOADON], [NGAYLAP], [TONGTIEN], [MANVKTOAN])
		VALUES(5, 'Hoa don hoc phi', '2021-07-09', null, 4)
	INSERT INTO [dbo].[HOADON]([MAHOADON], [TENHOADON], [NGAYLAP], [TONGTIEN], [MANVKTOAN])
		VALUES(6, 'Hoa don hoc phi', '2021-07-09', null, 4)
	INSERT INTO [dbo].[HOADON]([MAHOADON], [TENHOADON], [NGAYLAP], [TONGTIEN], [MANVKTOAN])
		VALUES(7, 'Hoa don phuc khao', '2021-07-09', null, 5)
	INSERT INTO [dbo].[HOADON]([MAHOADON], [TENHOADON], [NGAYLAP], [TONGTIEN], [MANVKTOAN])
		VALUES(8, 'Hoa don phuc khao', '2021-07-09', null, 5)
	INSERT INTO [dbo].[HOADON]([MAHOADON], [TENHOADON], [NGAYLAP], [TONGTIEN], [MANVKTOAN])
		VALUES(9, 'Hoa don phuc khao', '2021-07-09', null, 5)
	INSERT INTO [dbo].[HOADON]([MAHOADON], [TENHOADON], [NGAYLAP], [TONGTIEN], [MANVKTOAN])
		VALUES(10, 'Hoa don tot nghiep', '2021-07-09', null, 6)
	INSERT INTO [dbo].[HOADON]([MAHOADON], [TENHOADON], [NGAYLAP], [TONGTIEN], [MANVKTOAN])
		VALUES(11, 'Hoa don tot nghiep', '2021-07-09', null, 6)

	--table HOADONHOCPHI
	INSERT INTO [dbo].[HOADONHOCPHI]([MAHOADON], [MAKHOAHOC], [MAHOCVIEN]) VALUES(1, 1, 1)
	INSERT INTO [dbo].[HOADONHOCPHI]([MAHOADON], [MAKHOAHOC], [MAHOCVIEN]) VALUES(2, 1, 2)
	INSERT INTO [dbo].[HOADONHOCPHI]([MAHOADON], [MAKHOAHOC], [MAHOCVIEN]) VALUES(3, 4, 3)
	INSERT INTO [dbo].[HOADONHOCPHI]([MAHOADON], [MAKHOAHOC], [MAHOCVIEN]) VALUES(4, 4, 1)
	INSERT INTO [dbo].[HOADONHOCPHI]([MAHOADON], [MAKHOAHOC], [MAHOCVIEN]) VALUES(5, 8, 4)
	INSERT INTO [dbo].[HOADONHOCPHI]([MAHOADON], [MAKHOAHOC], [MAHOCVIEN]) VALUES(6, 8, 5)

	--table HOADONPHUCKHAO
	INSERT INTO [dbo].[HOADONPHUCKHAO]([MAHOADON], [MAPHIEUPHUCKHAO]) VALUES(7, 1)
	INSERT INTO [dbo].[HOADONPHUCKHAO]([MAHOADON], [MAPHIEUPHUCKHAO]) VALUES(8, 2)
	INSERT INTO [dbo].[HOADONPHUCKHAO]([MAHOADON], [MAPHIEUPHUCKHAO]) VALUES(9, 3)

	--table HOADONTOTNGHIEP
	INSERT INTO [dbo].[HOADONTHITOTNGHIEP]([MAHOADON], [MAPHIEUTHITN]) VALUES(10, 1)
	INSERT INTO [dbo].[HOADONTHITOTNGHIEP]([MAHOADON], [MAPHIEUTHITN]) VALUES(11, 2)
GO


--==============================================================================================================================================
/*
--func getMaxHocvienID
CREATE FUNCTION [dbo].[GetMaxIDHocVien]()
RETURNS int
AS
BEGIN
	DECLARE @max_id int
	SET @max_id = (SELECT MAX(MAHOCVIEN) FROM [dbo].[HOCVIEN])
	IF  @max_id IS NULL
	BEGIN
		SET @max_id = 0
	END

	RETURN @max_id
END
GO
--function LayDSKhoaHoc
CREATE FUNCTION [dbo].[func_LayDSKhoaHoc]()
RETURNS table
AS
	return (SELECT MAKHOAHOC FROM [dbo].[KHOAHOC])
GO
--function LayDSMonHocTrongKhoaHoc
CREATE FUNCTION [dbo].[func_LayDSMonHocTrongKhoaHoc](@MaKhoa INT)
RETURNS table
AS
	return (SELECT M.MALOP 
			FROM [dbo].[MONHOC] M, [dbo].[KHOAHOC] K, [dbo].[NHOMHOCPHAN] N
			WHERE K.MAKHOAHOC = N.MAKHOAHOC AND N.MANHOM = M.MANHOM AND K.MAKHOAHOC = @MaKhoa)
GO

--proc lap danh sach sinh vien thi dat
CREATE OR ALTER PROCEDURE proc_LapDSHVienCoDiemThiKTHPLonHonHoacBang5(@makhoa INT, @malop INT)
AS
BEGIN
	SELECT D.MAHOCVIEN, H.TENHOCVIEN, D.DIEM
	FROM KHOAHOC K, DIEMTHIKTHP D, MONHOC M, NHOMHOCPHAN N, HOCVIEN H
	WHERE K.MAKHOAHOC = N.MAKHOAHOC AND N.MANHOM = M.MANHOM AND M.MALOP = D.MALOP 
		AND D.DIEM >= 5 AND H.MAHOCVIEN = D.MAHOCVIEN AND K.MAKHOAHOC = @makhoa AND D.MALOP = @malop
END
GO

--proc LapDSHVCoDiemThiKTHPBeHon5
CREATE PROCEDURE proc_LapDSHVienCoDiemThiKTHPBeHon5(@makhoa INT, @malop INT)
AS
BEGIN
	SELECT MAHOCVIEN, DIEM
	FROM KHOAHOC K, DIEMTHIKTHP D, MONHOC M, NHOMHOCPHAN N
	WHERE K.MAKHOAHOC = N.MAKHOAHOC AND N.MANHOM = M.MANHOM AND M.MALOP = D.MALOP 
		AND D.DIEM < 5 AND K.MAKHOAHOC = @makhoa AND D.MALOP = @malop
END
GO
--function LayDSKhoaHocKTV
CREATE FUNCTION [dbo].[func_LayDSKhoaHocKTV]()
RETURNS table
AS
	return (SELECT MAKHOAHOC FROM [dbo].[KHOAHOC] WHERE MALOAI = 1)
GO

--proc LayDSHVCoDiemThiTNLonHonHoacBang5
CREATE PROCEDURE [dbo].[proc_LapDSHVienCoDiemThiTotNghiepLonHonHoacBang5](@makhoa INT)
AS
BEGIN
	SELECT MAHOCVIEN, DIEM
	FROM KHOAHOC K, DIEMTHITOTNGHIEP D
	WHERE K.MAKHOAHOC = D.MAKHOAHOC AND D.DIEM >= 5 AND K.MAKHOAHOC = @makhoa
END
GO

-- proc ThemHocVien
CREATE OR ALTER PROCEDURE [dbo].[proc_ThemHocVien](@ten nvarchar(50), @gioitinh varchar(5), @diachi varchar(100), @ngaysinh date, @sdt varchar(15),
											@email varchar(30), @user varchar(20), @pass varchar(20))
AS
BEGIN
	DECLARE @mahocvien int;
	SET @mahocvien = (SELECT MAX(MAHOCVIEN) FROM [dbo].[HOCVIEN]) + 1;
	INSERT INTO [dbo].[HOCVIEN](MAHOCVIEN, TENHOCVIEN, GIOITINH, DIACHI, NGAYSINH, SDT, EMAIL, USERNAME, PASSWORD)
	VALUES(@mahocvien, @ten, @gioitinh, @diachi, @ngaysinh, @sdt, @email, @user, @pass) 
END
GO

CREATE OR ALTER FUNCTION [dbo].[KTraUsernameHopLe](@user VARCHAR(20))
RETURNS int
AS
BEGIN
	DECLARE @rs int
	SELECT @rs = COUNT(USERNAME) FROM HOCVIEN WHERE USERNAME = @user

	RETURN @rs
END

GO
SELECT dbo.KTraUsernameHopLe('nhan')

select* from Hocvien

SELECT D.MAHOCVIEN, H.TENHOCVIEN, D.DIEM FROM DIEMTHIKTHP D, HOCVIEN H
	WHERE D.DIEM >= 5 AND D.MANHOM = 1 AND D.MALOP = 1 AND H.MAHOCVIEN = D.MAHOCVIEN
GO

---------------------------------------------------------------
CREATE OR ALTER PROCEDURE LAYDANHSACHKHOAHOC
AS
BEGIN
	SELECT * FROM DBO.KHOAHOC
END
GO

EXEC DBO.LAYDANHSACHKHOAHOC
GO


CREATE OR ALTER PROCEDURE THEM_DSKH	
	@MAKHOAHOC INT,
	@TENKHOAHOC NVARCHAR(30),
	@HOCPHI INT,
	@THOIGIANBATDAU DATE,
	@MOTA NTEXT,
	@MALOAI INT,
	@SOLUONGTOIDA INT
AS
BEGIN
	INSERT INTO DBO.KHOAHOC VALUES(@MAKHOAHOC, @TENKHOAHOC, @HOCPHI, @THOIGIANBATDAU, @MOTA, @MALOAI, @SOLUONGTOIDA)
END
GO












CREATE OR ALTER PROCEDURE LAYDANHSACHLOPHOC
AS
BEGIN
	SELECT * FROM DBO.MONHOC
END
GO

EXEC DBO.LAYDANHSACHLOPHOC

SELECT * FROM DBO.NHOMHOCPHAN
SELECT * FROM DBO.MONHOC
SELECT * FROM DBO.LOAIKHOAHOC
*/